Workbook
Name __CON1: #REF!
Name __CON2: #REF!
Name __NET2: #REF!
Name _1: #N/A
Name _2: #REF!
Name _3: #N/A
Name _4: #N/A
Name _CON1: #REF!
Name _CON2: #REF!
Name _DAT1: [1]Sheet1!#REF!
Name _DAT1: [2]Sheet1!#REF!
Name _DAT1: [1]Sheet1!#REF!
Name _DAT1: [1]Sheet1!#REF!
Name _DAT13: [1]Sheet1!#REF!
Name _DAT13: [2]Sheet1!#REF!
Name _DAT13: [1]Sheet1!#REF!
Name _DAT13: [1]Sheet1!#REF!
Name _DAT16: [1]Sheet1!#REF!
Name _DAT16: [2]Sheet1!#REF!
Name _DAT16: [1]Sheet1!#REF!
Name _DAT16: [1]Sheet1!#REF!
Name _DAT17: [1]Sheet1!#REF!
Name _DAT17: [2]Sheet1!#REF!
Name _DAT17: [1]Sheet1!#REF!
Name _DAT17: [1]Sheet1!#REF!
Name _DAT18: [1]Sheet1!#REF!
Name _DAT18: [2]Sheet1!#REF!
Name _DAT18: [1]Sheet1!#REF!
Name _DAT18: [1]Sheet1!#REF!
Name _DAT19: [1]Sheet1!#REF!
Name _DAT19: [2]Sheet1!#REF!
Name _DAT19: [1]Sheet1!#REF!
Name _DAT19: [1]Sheet1!#REF!
Name _DAT20: [1]Sheet1!#REF!
Name _DAT20: [2]Sheet1!#REF!
Name _DAT20: [1]Sheet1!#REF!
Name _DAT20: [1]Sheet1!#REF!
Name _DAT3: [1]Sheet1!#REF!
Name _DAT3: [2]Sheet1!#REF!
Name _DAT3: [1]Sheet1!#REF!
Name _DAT3: [1]Sheet1!#REF!
Name _DAT9: [1]Sheet1!#REF!
Name _DAT9: [2]Sheet1!#REF!
Name _DAT9: [1]Sheet1!#REF!
Name _DAT9: [1]Sheet1!#REF!
Name _NET2: #REF!
Name a277Print_Titles: #REF!
Name aerg: #N/A
Name Assessment_Types: #REF!
Name Assessment_Types: #REF!
Name B_Isc: #REF!
Name bang_gia: #REF!
Name BOQ: #REF!
Name BVCISUMMARY: #REF!
Name Calqty: #REF!
Name Calqty: #REF!
Name Choices: [5]Sheet7!$A$19:$A$20
Name Co: #REF!
Name code: #REF!
Name code: #REF!

Sheet Cover.
E13: Supplier name
E14: Major Product
E15: Audit Object
E16: Date of Audit
E17: Auditor
E18: Grade
E19: Result
B22: M&C Electronics Vina

Sheet Result Report
B1: Quality Process Audit Result Report
C3: □ Audit Result
C4: Audit Object | F4: =Cover.!G14 -> 0 | J4: Grade | M4: =Cover.!G18 -> 0 | O4: Date of Audit
C5: Major Product | F5: =Cover.!G15 -> 0 | J5: Auditor | M5: =Cover.!G17 -> 0 | O5: Auditee
C8: □Scores and Grade by sector
C9: No | D9: evaluation sector | E9: Evaluation requiment | H9: Evaluation result | M9: note
E10: the whole | H10: Result | K10: Degree of Completion
C11: 1 | D11: Warehouse for Materials | E11: =Checksheet!E59 -> 12 | H11: =Checksheet!G10 -> 0 | K11: =H11/E11*100 -> 0
C12: 2 | D12: Material Inspection and Preparation | E12: =Checksheet!E60 -> 16 | H12: =Checksheet!G16 -> 0 | K12: =H12/E12*100 -> 0
C13: 3 | D13: Control Tooling | E13: =Checksheet!E61 -> 21 | H13: =Checksheet!G23 -> 0 | K13: =H13/E13*100 -> 0
C14: 4 | D14: Production Process | E14: =Checksheet!E62 -> 18 | H14: =Checksheet!G33 -> 0 | K14: =H14/E14*100 -> 0
C15: 5 | D15: Product Evaluation (OQC) | E15: =Checksheet!E63 -> 18 | H15: =Checksheet!G42 -> 0 | K15: =H15/E15*100 -> 0
C16: 6 | D16: Packing and Shipment | E16: =Checksheet!E64 -> 15 | H16: =Checksheet!G51 -> 0 | K16: =H16/E16*100 -> 0
C17: Evaluation Score/Grade | E17: =SUM(H11:J16) -> 0 | H17: =IF(E17>=90,"A",IF(E17>=80,"B",IF(E17>=70,"C",IF(E17>=60,"D","E")))) -> E | K17: =IF(H17="A","Very Good",IF(H17="B"," Good",IF(H17="C","Need Improvement",IF(H17="D","Unsatisfactory","Unsatisfactory")))) -> Unsatisfactory
C19: □ Improvement object Status by type
C20: Classification | E20: Number of Cases
C21: Material Management
C22: Material Inspection and Preparation
C23: Production Process
C24: Product Evaluation
C25: Packing Management
C26: Total

Sheet Non-Conforming Item
B2: Quality Process Audit Non-Conforming Item
M5: 해결
M6: 미결
B8: Classification | C8: NO | D8: Problem | F8: Countermeasure for Improvement | J8: Confirmation Result | M8: Completion Status | N8: Reproducibility status
D9: Pointed-out Item | E9: Phenomenon | F9: Improvement Plan | G9: Picture | H9: Person in charge | I9: Schedule | J9: Confirmed content | K9: Schedule | L9: person in charge

Sheet Checksheet
C1: VENDOR QUALIFICATION CHECKSHEET | F1: Code of Form/ Mã số biểu mẫu | H1: PUR.04.00.05
F2: Effective Date/ Ngày hiệu lực | H2: 43503
C3: The first evaluation/ Đánh giá lần đầu | E3: The re-evaluation/ Đánh giá lại | F3: Page/ Tổng số trang | H3: 8
A4: Vendor code/ Mã vendor (ERP) | C4: Name of vendor/ Tên nhà cung cấp | E4: Address/ Địa chỉ | F4: Product type provide/ Loại sản phẩm cung cấp:
F5: Raw Material/ NVL chính o Sub material/ Phụ liệu | H5: Outsourcing Material/ NVL từ nguồn gia công
A6: P.I.C/ Người phụ trách | C6: Job title/ Chức vụ | D6: Department/ Phòng ban | E6: Email | F6: Phone No.
A9: CONTENT OF EVALUATION
A10: Section 1 - Warehouse for Materials | E10: Sub total (Score) | F10: =SUM(F13:F15) -> 12 | G10: =SUM(G13:G15) -> 0 | H10: COMMENT
E11: Achievement rate | F11: =F10/100 -> 0.12 | G11: =G10/100 -> 0
A12: Question Number | B12: Element | C12: Requirement | D12: VNM | E12: Rating Criteria | F12: Score | G12: Result
A13: 1 | B13: Standard | C13: Is the material storage standard established, and are the warehoused materials structuralized for first-in/first-out, and is there management tools? | D13: Tiêu chuẩn bảo quản vật liệu được thiết lập, có tiêu chuẩn first-in/first-out và có lịch sử quản lý không? | E13: Score 1: No standard for first-in/first-out, and materials in need of first-in/first-out are not managed. Score 2 : There is no management standard for first-in/first-out, but first-in/first-out is available for materias in need of it, or only the first-in/first-out management standard is retained. Score 3: There is first-in/first-out management standard, but required is partial improvement of the management object, or a state of management. Score 4 : The first-in/first-out management standard is established, and first-in, first-out process is in progress according to the management standard. | F13: 4
A14: 2 | B14: Environment | C14: Is the environmental condition of the warehouse under measurement control regularly? (temperature/humidity) | D14: Môi trường bảo quản thành phẩm có được quản lý không ( nhiệt độ, độ ẩm ) | E14: Score 1: : The environmental condition is not defined, nor is the temperature/humidity managed. Score 2: : Although the environmental condition is not defiend, temperature/humdity is managed, or the environmental condition for materials storage is established. Score 3: : The environmental condition is established, but a state of management needs to be improved. Score 4: : The environmental condition is established, and it is managed according to the established standard. | F14: 4
A15: 3 | B15: Layout | C15: Are the products classified by item in time of materials storage, and is there an identification mark for materials? | D15: Các nguyên vật liệu được phân loại theo mặt hàng trong thời gian lưu trữ , và có một dấu hiệu nhận dạng cho vật liệu không? | E15: Score 1: There is no standard for identification of the stored materials, and it's difficult to identify the materials in storage. Score 2 : Though there is no standard for identification of the materials in storage, the materials in storage are identified, or there is only the standard of identification management of the stored materials. Score 3: There is the identification standard of the materials in storage, but partial improvement is required. (difficulty in identifying some materials, etc.) Score 4: There is the identification standard of the materials in storage, and materials are identified according to the standard. | F15: 4
A16: Section 2- Material Inspection and Preparation | E16: Sub total (Score) | F16: =SUM(F19:F22) -> 16 | G16: =SUM(G19:G22) -> 0 | H16: COMMENT
E17: Achievement rate | F17: =15/100 -> 0.15 | G17: =G16/100 -> 0
A18: Question Number | B18: Element | C18: Question / Requirement | D18: VNM | E18: Rating Criteria | F18: Score | G18: Result
A19: 1 | B19: Material Inspection (WH) | C19: Are below critical quality control points of the material inspected in incoming? - Part Number and Lot Number - Maker/ Provider - Status of product - Packing condition - Quantity / Weight - Expiry Date | D19: Các điểm kiểm soát chất lượng quan trọng dưới đây của nguyên liệu có được đánh giá khi nhập vào? - Mã sản phẩm và số lot - Nhà sản xuất/ người cung ứng - Tình trạng của sản phẩm - Quy cách đóng gói - Số lượng / Trọng lượng - Ngày hết hạn | E19: Score 1 - More than 3 critical control point missed to be inspected in incoming. Score 2 - Some critical control points are inspected, but 2~3 critical control points missed. Score 3 - Some critical control points are inspected, but one critical control points missed. Score 4 - All critical control points are inspected in incoming | F19: 4
A20: 3 | B20: Material Inspection (IQC) | C20: Are below critical quality control points of material inspected ? - Spec - Appearance no damage, crack, broken, deform, …. | D20: Các điểm kiểm soát chất lượng quan trọng của vật liệu có được kiểm tra? - Quy cách kỹ thuật, chất lượng sản phẩm -Ngoại quan: Vết đâm,Crack,vỡ,Biến dạng, cong | E20: Score 1 - More than 3 critical control point missed to be inspected Score 2 - Some critical control points are inspected, but 2~3 critical control points missed. Score 3 - Some critical control points are inspected, but one critical control points missed. Score 4 - All critical control points are inspected | F20: 4
A21: 4 | B21: Material Inspection (IQC) | C21: - Does the supplier have a precision testing process and devices that measure the accuracy of the product? | D21: - Nhà cung cấp có quy trình kiểm tra độ chính xác và các thiết bị đo đạc độ chính xác của sản phẩm không? | E21: Score 1. Do not meet requirement 1.1. Score 2. Meet requirement 1.1. Only use of c. Score 3. Meet requirement 1.1. Use of a or b. Score 4. Meet all requirements. | F21: 4
A22: 5 | B22: Pot Life Control for Partially Used Material | C22: - Is there a pot life control process for partially used material, one times material ? - Is there expiration date/time of the partially used material marked? - Are all these partially used materials used before the expiration date/time? | D22: - Có quy trình kiểm soát thời hạn sử dụng nguyên vật liệu đối với loại được sử dụng một phần hoặc nhiều lần hay không? - Có ngày / thời gian hết hạn của vật liệu được sử dụng một phần được đánh dấu không? - Tất cả những vật liệu được sử dụng một phần này có được sử dụng trước ngày / thời gian hết hạn không? | E22: Score 1 - Do not meet requirement 4.1 Score 2 - Meet requirement 4.1, but found multiple cases do not meet requirement 4.2 and/or 4.3 and/or 4.4. Score 3- Meet requirement 4.1, but found isolated case do not meet requirement 4.2 and/or 4.3 and/or 4.4. Score 4- Meet all requirements | F22: 4
A23: Section 3- Control Tooling | E23: Sub total (Score) | F23: =SUM(F26:F32) -> 21 | G23: =SUM(G26:G29) -> 0 | H23: COMMENT
E24: Achievement rate | F24: =F23/100 -> 0.21 | G24: =G23/100 -> 0
A25: Question Number | B25: Element | C25: Question / Requirement | D25: VNM | E25: Rating Criteria | F25: Score | G25: Result
A26: 1 | B26: Tooling Release to Production | C26: 1.1 Is there a tooling release process in place? 1.2 Have all the tooling release requirements been met before the tooling release to production? 1.3 Is the tooling release document signed by authorized people before release to production? 1.4 Are the necessary tooling development records transferred to and maintained by tooling maintenance department. Notes: a). Tooling release requirements may include but not limited to: DFM has been approved by customer, tooling drawing has been approved, tooling verification result meet all requirements, etc. b). Tooling development records may include but not limited to: tooling drawing, tooling verification reports, tooling EC records in development stage, samples, etc. | D26: 1.1 Có quy trình phát hành dụng cụ tại chỗ không? 1.2 Tất cả các yêu cầu phát hành dụng cụ đã được đáp ứng trước khi phát hành dụng cụ vào sản xuất chưa? 1.3 Tài liệu phát hành dụng cụ có chữ ký của người được ủy quyền trước khi phát hành vào sản xuất không? 1.4 Các hồ sơ phát triển dụng cụ cần thiết được chuyển đến và duy trì bởi bộ phận bảo trì dụng cụ. Ghi chú: a). Yêu cầu phát hành dụng cụ có thể bao gồm nhưng không giới hạn ở: DFM đã được khách hàng chấp thuận, bản vẽ dụng cụ đã được phê duyệt, kết quả xác minh dụng cụ đáp ứng tất cả các yêu cầu, v.v. b). Các hồ sơ phát triển công cụ có thể bao gồm nhưng không giới hạn ở: bản vẽ dụng cụ, báo cáo xác minh dụng cụ, công cụ hồ sơ EC trong giai đoạn phát triển, mẫu, v.v. | E26: Score 0 - Do not meet requirement 1.1. Score 1 - Meet requirement 1.1. But do not meet requirement 1.2 and/or 1.3. Score 2 - Meet requirements 1.1, 1.2 and 1.3. But do not meet requirement 1.4. Score 3 - Meet all requirements. | F26: 3
A27: 2 | B27: Tooling Storage | C27: 2.1 Is there specified space to store the tooling? 2.2 Is there storage method proper to protect the tooling from damage and rusting? 2.3 Is the space sufficient to store all the tooling? | D27: 2.1 Có không gian cụ thể để lưu trữ dụng cụ không? 2.2 Có phương pháp lưu trữ thích hợp để bảo vệ dụng cụ khỏi bị hư hỏng và rỉ sét không? 2.3 Không gian có đủ để lưu trữ tất cả các dụng cụ không? | E27: Score 0 - Do not meet requirement 2.1 Score 1 - Meet requirement 2.1. But do not meet requirement 2.2. Score 2 - Meet requirement 2.1 and 2.2. But do not meet requirement 2.3. Score 3 - Meet all requirements. | F27: 3
A28: 3 | B28: Tooling Identification | C28: 3.1 Is there a tooling identification process in place? 3.2 Is the tooling identification information sufficient to avoid tooling mixture? 3.3 Is the tooling identification information easy to read? Notes: Tooling identification information may include but not limited to: tooling number, part number, revision, customer, etc. | D28: 3.1 Có quy trình nhận dạng dụng cụ tại chỗ không? 3.2 Thông tin nhận dạng dụng cụ có đủ để tránh hỗn hợp dụng cụ không? 3.3 Thông tin nhận dạng dụng cụ có dễ đọc không? Lưu ý: Thông tin nhận dạng dụng cụ có thể bao gồm nhưng không giới hạn ở: số dụng cụ, số bộ phận, sửa đổi, khách hàng, v.v. | E28: Score 0 - Do not meet requirement 3.1. Score 1 - Meet requirement 3.1. But do not meet requirement 3.2. Score 2 - Meet requirement 3.1 and 3.2. But do not meet requirement 3.3. Score 3 - Meet all requirements. | F28: 3
A29: 4 | B29: Tooling Preventive Maintenance | C29: 4.1 Are there tooling preventive maintenance schedule and tooling maintenance checklist in place? 4.2 Are all maintenance items defined in tooling maintenance checklist actually executed? 4.3 Are all tooling maintenance activities executed on time? | D29: 4.1 Có lịch trình bảo trì phòng ngừa dụng cụ và danh sách kiểm tra bảo trì dụng cụ tại chỗ không? 4.2 Tất cả các mục bảo trì được xác định trong danh sách kiểm tra bảo trì dụng cụ có thực sự được thực hiện không? 4.3 Có phải tất cả các hoạt động bảo trì dụng cụ được thực hiện đúng thời gian? | E29: Score 0 - Do not meet requirement 4.1. Score 1 - Meet requirement 4.1. But do not meet requirement 4.2. Score 2 - Meet requirement 4.1 and 4.2. But do not meet requirement 4.3. Score 3 - Meet all requirements. | F29: 3
A30: 5 | B30: Tooling Life Control | C30: 5.1 Is there a tooling life control process in place? 5.2 Are the design tooling life defined for all types of tooling? 5.3 Are the utilized life tracked for all tooling? 5.4 Are proper actions taken if tooling's utilizing life reach the design tooling life (i.e. build a replacement tooling and re-verify it, or get customer's approval to extending the tooling life)? Remark: Design tooling life = total utilizing times/cycles tooling can execute before tooling scrape. Utilized life = how many utilizing times/cycles tooling has actually executed. | D30: 5.1 Có quy trình kiểm soát tuổi thọ dụng cụ tại chỗ không? 5.2 Tuổi thọ dụng cụ thiết kế có được xác định cho tất cả các loại dụng cụ không? 5.3 Tuổi thọ sử dụng của dụng cụ có được theo dõi cho tất cả các dụng cụ không? 5.4 Các hành động phù hợp có được thực hiện nếu tuổi thọ sử dụng của dụng cụ đạt đến tuổi thọ của dụng cụ thiết kế (nghĩa là xây dựng một công cụ thay thế và xác minh lại hoặc chấp thuận của khách hàng để kéo dài tuổi thọ dụng cụ)? Ghi chú: Tuổi thọ dụng cụ thiết kế = tổng thời gian sử dụng / chu kỳ công cụ có thể thực hiện trước khi cạo dụng cụ.Cuộc sống được sử dụng = bao nhiêu lần sử dụng công cụ / chu kỳ thực sự đã thực hiện. | E30: Score 0 - Do not meet requirement 5.1. Score 1 - Meet requirement 5.1. But do not meet requirement 5.2 and/or 5.3. Score 2 - Meet requirements 5.1, 5.2 and 5.3. But do not meet requirement 5.4. Score 3 - Meet all requirements. | F30: 3
A31: 6 | B31: Tooling Spare Parts Control | C31: 6.1 Is there a tooling spare parts control process in place? 6.2 Are the minimum inventory set up for all necessary tooling spare parts? 6.3 Are the tooling spare parts' actual inventory monitored? 6.4 Have proper actions been taken when the tooling spare parts' actual inventory≤ minimum inventory. Notes: necessary tooling spare parts may include but not limited to: punches, die inserts, ejectors, pins, springs, screws, etc. | D31: 6.1 Có quy trình kiểm soát phụ tùng thay thế tại chỗ không? 6.2 Hàng tồn kho tối thiểu có được thiết lập cho tất cả các phụ tùng dụng cụ cần thiết không? 6.3 Hàng tồn kho phụ tùng dụng cụ có được theo dõi không? 6.4 Có hành động thích hợp được thực hiện khi hàng tồn kho tối thiểu của phụ tùng thay thế Lưu ý: phụ tùng dụng cụ cần thiết có thể bao gồm nhưng không giới hạn ở: đục lỗ, chèn chết, đầu phun, ghim, lò xo, ốc vít, v.v. | E31: Score 0 - Do not meet requirement 6.1. Score 1 - Meet requirement 6.1. But do not meet requirement 6.2 and/or 6.3. Score 2 - Meet requirement 6.1, 6.2 and 6.3. But do not meet requirement 6.4. Score 3 - Meet all requirements. | F31: 3
A32: 7 | B32: Tooling Change Management | C32: 7.1 Is there a tooling change management process defined? 7.2 Is the process followed in the actual tooling change activities? 7.3 Is tooling re-verification implemented after tooling change? 7.4 Is the tooling change information communicated to all related departments (i.e. tooling maintenance, production, engineering, quality, etc.) | D32: 7.1 Có quy trình quản lý thay đổi công cụ được xác định không? 7.2 Quá trình có tuân theo các hoạt động thay đổi dụng cụ thực tế không? 7.3 Xác minh lại công cụ có được thực hiện sau khi thay đổi công cụ không? 7.4 Thông tin thay đổi dụng cụ có được truyền đạt tới tất cả các bộ phận liên quan không (ví dụ: bảo trì dụng cụ, sản xuất, kỹ thuật, chất lượng, v.v.) | E32: Score 0 - Do not meet requirement 7.1. Score 1 - Meet requirement 7.1. But do not meet requirement 7.2 and/or 7.3. Score 2 - Meet requirement 7.1, 7.2 and 7.3. But do not meet requirement 7.4. Score 3 - Meet all requirements. | F32: 3
A33: Section 4- Production Process | E33: Sub total (Score) | F33: =SUM(F36:F41) -> 18 | G33: =SUM(G36:G41) -> 0 | H33: COMMENT
E34: Achievement rate | F34: =F33/100 -> 0.18 | G34: =G23/100 -> 0
A35: Question Number | B35: Element | C35: Question / Requirement | D35: VNM | E35: Rating Criteria | F35: Score | G35: Result
A36: 1 | B36: WI | C36: Manipulate and check yes according to the approval sheet standard and when the change has historical management and reflect changes to the approval sheet? Is the operation manual provided in the appropriate position for each machine and has standard operation? Is there a check sheet layout for each machine and daily recorded in the check sheet? | D36: Thao tác và kiểm tra có theo tiêu chuẩn approval sheet và khi thay đổi có quản lý lịch sử và phản ánh thay đổi vào approval sheet không? Bản hướng dẫn thao tác có được bố trí ở vị trí thích hợp theo từng máy không và có thao tác theo tiêu chuẩn hay không? Có bố trí check sheet theo từng máy và hàng ngày có ghi chép vào check sheet không? | E36: Score 0 - Do not meet requirement 1.1. Score 1 - Meet requirement 1.1. But do not meet requirement 1.2 and/or 1.3. Score 2 - Meet requirements 1.1, 1.2 and 1.3. But do not meet requirement 1.4. Score 3 - Meet all requirements. | F36: 3
A37: 2 | B37: CAM program | C37: Is there a standard of operating conditions (Cam)? - Feed, machining speed, number of turns, compliance with machining time, byte specification | D37: Có tuân thủ tiêu chuẩn điều kiện thao tác (Cam) không? - Feed, tốc độ gia công, số vòng, tuân thủ thời gian gia công, quy cách byte | E37: Score 0 - Do not meet requirement 2.1 Score 1 - Meet requirement 2.1. But do not meet requirement 2.2. Score 2 - Meet requirement 2.1 and 2.2. But do not meet requirement 2.3. Score 3 - Meet all requirements. | F37: 3
A38: 3 | B38: Washing | C38: After the processing, do you perform the washing? | D38: Sau khi gia công có tiến hành công đoạn rửa không? | E38: Score 0 - Do not meet requirement 3.1. Score 1 - Meet requirement 3.1. But do not meet requirement 3.2. Score 2 - Meet requirement 3.1 and 3.2. But do not meet requirement 3.3. Score 3 - Meet all requirements. | F38: 3
A39: 4 | B39: Oil | C39: Using cutting oil suitable for machining purposes? Is there any standard for oil concentration management? | D39: Sử dụng dầu cắt gọt phù hợp với mục đích gia công hay không? Có tiêu chuẩn quản lý nồng độ dầu không? | E39: Score 0 - Do not meet requirement 4.1. Score 1 - Meet requirement 4.1. But do not meet requirement 4.2. Score 2 - Meet requirement 4.1 and 4.2. But do not meet requirement 4.3. Score 3 - Meet all requirements. | F39: 3
A40: 5 | B40: Sample | C40: Is the standard form approved and arranged in line? Is there any specific area for the row before input and after the input | D40: Mẫu tiêu chuẩn được phê duyệt và có bố trí ở line hay không? Có phận biệt khu vực để hàng trước input và sau input không | E40: Score 0 - Do not meet requirement 5.1. Score 1 - Meet requirement 5.1. But do not meet requirement 5.2 and/or 5.3. Score 2 - Meet requirements 5.1, 5.2 and 5.3. But do not meet requirement 5.4. Score 3 - Meet all requirements. | F40: 3
A41: 6 | B41: Quality process | C41: Will FML management follow the established criteria? - Confirm the test date and sample state - confirm whether the original sample product is preserved within 3 months (date, time, mold number, record the number of samples to sample) - After Tapping and hole do you manage the inside diameter of the hole? - Make sure there are separate locations for measuring and preserving samples | D41: Quản lý FML có tiến hành theo tiêu chuẩn đã định ra không? - Xác nhận ngày kiểm tra và trạng thái sample - xác nhận sản phẩm mẫu ban đầu có được bảo bảo quản trong vòng 3 tháng hay không ( ngày tháng , thời gian, số khuôn, ghi chép số máy về sample) - Sau khi Tapping và làm hole có quản lý kích thước đường kính trong của hole không? - Đảm bảo có địa điểm riêng để đo và bảo quản sample | E41: Score 0 - Do not meet requirement 6.1. Score 1 - Meet requirement 6.1. But do not meet requirement 6.2 and/or 6.3. Score 2 - Meet requirement 6.1, 6.2 and 6.3. But do not meet requirement 6.4. Score 3 - Meet all requirements. | F41: 3
A42: Section 5- Product Evaluation (OQC) | E42: Sub total (Score) | F42: =SUM(F35:F41) -> 18 | G42: =SUM(G35:G41) -> 0 | H42: COMMENT
E43: Achievement rate | F43: =F42/100 -> 0.18 | G43: =G42/100 -> 0
A44: 1 | B44: Training | C44: Did an auditor receive an education about the measuring method, auditing method, and equipment use method , and get certified? | D44: Nhân viên kiểm tra có nhận được sự đào tạo về phương pháp đo lường, phương pháp kiểm tra và phương pháp sử dụng thiết bị và được chứng nhận không? | E44: Score 1: There is no auditor certiification standard, and an auditor has not been certified. Score 2: Though there is no auditor certification standard, the auditor certification has been invested, or the auditor certification standard is retained. Score 3: Though there is an auditor certification standard, the auditor certification system, identification management, and cyclic education management, etc are required to be partly improved. Score 4- There is the auditor certification standard, and certification evaluation/ identification management/ cyclic education, etc. are normally implemented. | F44: 3
A45: 2 | B45: Standard | C45: Are the audit standard and drawings are kept, and does the standard coincide with the products which are under auditing? | D45: Các tiêu chuẩn kiểm tra có phù hợpvà treo tại khu vực kiểm tra sản phẩm không ? | E45: Score 1: There are no audit standard management criteria, and an audit is done under an auditor's self-judgment without the audit standard and drawings. Score 2:Though the related standard is not available, an audit is performed according to the audit standard suited for products , or the criteria for the audit standard management are retained. Score 3: The audit standard is prepared and applied according to audit standard criteria, but audit items/method are required to be partly improved. Score 4: An audit is performed based on the audit standard prepared according to the audit standard management critera. | F45: 3
A46: 3 | B46: Layout | C46: Are the products/pre/post shipment inspection, and the storage place for rejected products under separately classified management, and marked? of pre/post audit for products is clearly handled. | D46: Khu vực kiểm tra có phân loại hàng chờ kiểm tra, hàng NG, hàng OK không? | E46: Score 1: There is no separate storage place, and products are stored in a state without distinction of pre/post audit. Score 2: Though there is no separate storage place for products, they are stored under classified management, or only the separate storage place is designated. Score 3: Products are kept in a separate storage place under classified management, but there are some products without distinction of pre/post audit. Score 4: Products are kept in a separate storage place under classified management, and distintion of pre/post audit for products is clearly handled. | F46: 3
A47: 4 | B47: Measuring equipmen | C47: Is the measuring equipment controlled and calibrated? | D47: Thiết bị đo có được quản lý và tiến hành hiệu chuẩn không ? | E47: Score 1 : There is no measuring instrument selection standard, and the accuracy of a measuring instrument is not compatible with the allowance of actual measurement items (ex. standard: xx.xx, measuring equipment: xx.x) Score 2 : There is the measuring instrument selection standard, or a measuring instrument in use is suitable for allowance measurement of actual products despite the absence of the standard. Score 3: There is the measuring instrument selection standard, but there exists a measuring instrument which is not selected according to the standard, or partial improvements are required, such as converiience of measurement, etc. Score 4: There is the the measuring instrument selection standard, and the accuracy of the measuring instrument in use is suited for measurement item allowance. (ex. standard: xx.xx, measuring equipment: xx.xx abnormal) | F47: 3
A48: 5 | B48: Follow customer | C48: Is the unacceptable item arising from a customer reflected in the management point of the audit process? | D48: Có quy trình xử lý khiếu nại của khách hàng không? | E48: Score 1: There is no system for revison by reflecting unacceptable item in the audit standard, and it is not reflected as the audit item. Score 2: Although there is no audit standard reflection system, it is reflected through the revision and addition of the audit item, or the system reflecting it in the audit standard is established. Score 3: Established is the system reflecting it in the audit item according to the countermeasures against an unacceptable item, but there are some cases of omissions, or partial improvement are required. Score 4: Etablished is the system reflecting it in the audit standard according to an unacceptable item, and actually such an unacceptable item is reflected in the audit standard. | F48: 3
A49: 6 | B49: Internal audit | C49: Is the receiving audit history managment register under record management?(receiving audit report, audit history, rejection status, corrective measures, and post-management, etc. ) | D49: Có tiến hành kiểm tra nội bộ không ? Các vấn đề cần khắc phục có tiến hành cải tiến kịp thời không? | E49: Score 1: There is no receiving audit history management standard, and history management is not in progress. Score 2: Although there is no receiving audit history management standard, the audit history is managed, or only the standard for history management is retained. Score 3: Although there is the receiving audit history management standard in time of the receiving audit, partial improvements of the history maintenance state(post-measure contents, etc.) are required. . Score 4: There is the receiving audit management standard, and all audit history records are maintained. | F49: 3
A50: 7 | B50: Product Evaluation | C50: Does the result of re-inspection of the products finished with the shippment inspection meet the standard? (Confirmation of the minimum 5 samples) (Inspection of the item relevant to the audit standard by sampling the minimum 5 pieces of the parts which passed the shippment inspection, and post-judgment by selecting additional items when necessary) | D50: Kiểm tra xác suất lại các sản phẩm đã hoàn thành có đạt tiêu chuẩn không? | E50: Score 1: As a result of the inspection, unacceptable parts account for more than 75%. Score 2: As a result of the inspection, unacceptable parts account for more than 50%. Score 3: As a result of the inspection, unacceptable parts account for 25~74%. Score 4: As a result of the inspection, unacceptable parts account for 1~24%. Score 5: As a result of the inspection, all parts in comparison with the standard are acceptable. | F50: 3
A51: Section 6- Packing and Shipment | E51: Sub total (Score) | F51: =SUM(F53:F55) -> 15 | G51: =SUM(G53:G55) -> 0 | H51: COMMENT
E52: Achievement rate | F52: =F51/100 -> 0.15 | G52: =G51/1/100 -> 0
A53: 1 | B53: Standard | C53: Are there packing work standard management criteria by part/item? If so, are they distributed to the relevant process, and under revised management? | D53: Có tiêu chuẩn quản lý đóng gói sản phẩm. Thực tế có tuân thủ không ? | E53: Score 1: There are no criteria for packing work standard management, nor is the packing standard used in time of packing. Score 2: Although there are no packing work management criteria, the packing standard by part/item is being used, or the criteria for packing work standard management are retained. Score 3: Though there are packing work standard management criteria, some of the packing guidelines and revised managment ,etc. are required to be partly improved. Score 4: There are packing work standard management criteria, and the standard is prepared, approved and distributed according to the criteria, and the standard is kept on the site to be applied. | F53: 5
A54: 2 | B54: FIFO | C54: Is there first-in, first-out for products in need of life-cycle management and history management of products, and are the products managed by the system? (color difference, before/after design change) | D54: Có tuân thủ quy định FIFO khi xuất hàng không? | E54: Score 1: There is no system for life-cycle management, or history management of a product, nor is first-in, first-out implemented. Score 2: Although there is no standard for product life-cycle & history management, first-in, first-out is implemented through the identification and maintenance of Lot and date of manfacturing, etc., or there are managment criteria. Score 3: There are the criteria of first-in, first-out for product life cycle & history management, but some are insufficient, or in need of improvements. Score 4: According to the criteria for first-in, first-out management of product, the first-in, first-out for actual products is implemented. | F54: 5
A55: 3 | B55: Environment | C55: Is the environmental condition of the warehouse under measurement control regularly? (temperature/humidity) | D55: Môi trường bảo quản thành phẩm có được quản lý không( nhiệt độ, độ ẩm ) | E55: Score 1 : The environmental condition is not defined, nor is the temperature/humidity managed. Score 2 : Although the environmental condition is not defiend, nor is the temperature/humidity managed, the environmental condition for materials storage is established. Score 3 : Although the environmental condition is not defiend, temperature/humdity is managed, or the environmental condition for materials storage is established. Score 4: The environmental condition is established, but a state of management needs to be improved. Score 5: The environmental condition is established, and it is managed according to the established standard. | F55: 5
A56: SCORE OF EVALUATION
A57: No | B57: Process | D57: Number of evaluation items | E57: Evaluation result
E58: Standard Score | F58: Actual Score | H58: Achievement rate
A59: 1 | B59: Warehouse for Materials | D59: 3 | E59: =F10 -> 12 | F59: =G10 -> 0 | H59: =F59/100 -> 0
A60: 2 | B60: Material Inspection and Preparation | D60: 4 | E60: =F16 -> 16 | F60: =G16 -> 0 | H60: =F60/100 -> 0
A61: 3 | B61: Control Tooling | D61: 7 | E61: =F23 -> 21 | F61: =G23 -> 0 | H61: =F61/100 -> 0
A62: 4 | B62: Production Process | D62: 6 | E62: =F33 -> 18 | F62: =G33 -> 0 | H62: =F62/100 -> 0
A63: 5 | B63: Product Evaluation (OQC) | D63: 7 | E63: =F42 -> 18 | F63: =G42 -> 0 | H63: =F63/100 -> 0
A64: 6 | B64: Packing and Shipment | D64: 3 | E64: =F51 -> 15 | F64: =G51 -> 0 | H64: =F64/100 -> 0
A65: TOTAL | D65: =SUM(D59:D64) -> 30 | E65: =SUM(E59:E64) -> 100 | H65: =SUM(H43:H47) -> 0
A66: RANK | D66: RESULT | F66: Confirm of Vendor/ Xác nhận của nhà cung cấp
A67: A | B67: ≥ 95% | C67: Excellent/ Rất tốt
A68: B | B68: 85-94% | C68: Good, need to keep improving/ Tốt, cần tiếp tục tự cải thiện
A69: C | B69: 75-84% | C69: Accept, need improvement/ Chấp nhận, cần cải thiện
A70: D | B70: 65-74% | C70: Poor, reevaluate when needed/ Kém, đánh giá lại khi cần
A71: E | B71: ≤ 64% | C71: Not acceptance/ Không chấp nhận
A72: Confirmation | C72: Auditor/ Thành viên đánh giá | D72: Auditor/ Thành viên đánh giá | E72: Auditor/ Thành viên đánh giá | F72: Evaluation team leader/ Trưởng đoàn đánh giá
A73: Sign/ Chữ ký
A74: Name/ Họ tên
A75: ID/ Số thẻ
A76: Dept/ Bộ phận
A77: Job Title/ Chức vụ
A78: Date/ Ngày
A79: PUR.04.00.05. Ngày ban hành 01/01/2019 | C79: Nơi lưu: Bộ phận thu mua | D79: Hình thức lưu: Bản cứng | E79: Thời gian lưu: 03 năm | F79: Phương pháp hủy: Cắt/Đốt | H79: Lần sửa đổi: 00
