Workbook

Sheet Summary
A1: FDA _ MAUDE SUMMARY
A3: No. | B3: Model Number | C3: Device Problem | D3: Event Date | E3: Event Description | F3: Cause | G3: Affect by our process
A4: 1 | B4: 9438-06 | C4: Wireless Communication Problem | D4: 43897 | E4: It was reported that signal loss over one hour occurred. No product or data was provided for evaluation. Confirmation of the allegation and a probable cause could not be determined. No injury or medical intervention was reported. | F4: The signal loss was related to the mobile application => Could not determined the cause | G4: No
A5: 2 | B5: 9445-02 | C5: Wireless Communication Problem | D5: 43899 | E5: It was reported that signal loss over one hour occurred. A review of the share logs was performed and signal loss was found within the investigation window. The allegation was confirmed. The probable cause could not be determined. No injury or medical intervention was reported. | F5: The signal loss was related to the mobile application => Could not determined the cause | G5: No
A6: 3 | B6: 9445-02 | C6: Wireless Communication Problem | D6: 43897 | E6: It was reported that signal loss over one hour occurred. A review of the share logs was performed and signal loss was found within the investigation window. The allegation was confirmed. The probable cause was the transmitter and app were unable to establish a connection. No injury or medical intervention was reported. | F6: The signal loss was related to the mobile application => Due to Transmitter and app were unable establish a connection | G6: No
A7: 4 | B7: 9445-02 | C7: Wireless Communication Problem | D7: 43883 | E7: It was reported that signal loss over one hour occurred. A review of the share logs was performed and signal loss was found within the investigation window. The allegation was confirmed. The probable cause was the patient closed the mobile app. No injury or medical intervention was reported. | F7: The signal loss was related to the mobile application => Due to patient closed the mobile app | G7: No
A8: 5 | B8: MT24078 | C8: Wireless Communication Problem | D8: 43899 | E8: It was reported that signal loss over one hour occurred. No product or data was provided for evaluation. Confirmation of the allegation and a probable cause could not be determined. No injury or medical intervention was reported. | F8: The signal loss was related to the mobile application => Could not determined the cause | G8: No
A9: 6 | B9: 9438-06 | C9: Wireless Communication Problem | D9: 43897 | E9: It was reported that signal loss over one hour occurred. No product or data was provided for evaluation. Confirmation of the allegation and a probable cause could not be determined. No injury or medical intervention was reported. | F9: The signal loss was related to the mobile application => Could not determined the cause | G9: No
A10: 7 | B10: 9445-02 | C10: Wireless Communication Problem | D10: 43894 | E10: It was reported that signal loss over one hour occurred. No product or data was provided for evaluation. Confirmation of the allegation and a probable cause could not be determined. No injury or medical intervention was reported. | F10: The signal loss was related to the mobile application => Could not determined the cause | G10: No
A11: 8 | B11: 9438-06 | C11: Wireless Communication Problem | D11: 43899 | E11: It was reported that a loss of connection occurred. A review of the share logs was performed and a loss of connection was found within the investigation window. the allegation was confirmed. The probable cause could not be determined. No injury or medical intervention was reported. | F11: Loss of connection was related to the mobile application => Could not determined the cause | G11: No
A12: 9 | B12: 9445-02 | C12: Wireless Communication Problem | D12: 43908 | E12: It was reported that signal loss over one hour occurred. A review of the share logs was performed and signal loss was found within the investigation window. The allegation was confirmed. The probable cause could not be determined. No injury or medical intervention was reported. | F12: The signal loss was related to the mobile application => Could not determined the cause | G12: No
A13: 10 | B13: 9500-45 | C13: Break | D13: 43902 | E13: It was reported that a broken sensor wire occurred. The sensor was inserted at the abdomen on (b)(6) 2020. No product was provided for evaluation. Confirmation of the allegation and probable cause could not be determined. No injury or medical intervention was reported. | F13: Sensor wire broken => Could not determined the cause | G13: No
A14: 11 | B14: 9445-02 | C14: Wireless Communication Problem | D14: 43908 | E14: It was reported that signal loss over one hour occurred. No product or data was provided for evaluation. Confirmation of the allegation and a probable cause could not be determined. No injury or medical intervention was reported. | F14: The signal loss was related to the mobile application => Could not determined the cause | G14: No
A15: 12 | B15: 9445-02 | C15: Wireless Communication Problem | D15: 43885 | E15: It was reported that signal loss over one hour occurred. Data was provided for evaluation. Per (b)(4), cases where the sensor session line is missing in share support tool and share support service, complaints will be closed since a data investigation cannot be completed as data ambiguity cannot be resolved further. The allegation was undetermined. The probable cause could not be determined. No injury or medical intervention was reported. | F15: The signal loss was related to the mobile application => Could not determined the cause | G15: No
... A32: 29 | B32: 9445-02 | C32: Wireless Communication Problem | D32: 43909 | E32: It was reported that signal loss over one hour occurred. A review of the share logs was performed and signal loss was found within the investigation window. The allegation was confirmed. The probable cause could not be determined. No injury or medical intervention was reported. | F32: The signal loss was related to the mobile application => Could not determined the cause | G32: No
A33: 30 | B33: 9445-02 | C33: Wireless Communication Problem | D33: 02-29-20 | E33: It was reported that signal loss over one hour occurred. No product or data was provided for evaluation. Confirmation of the allegation and a probable cause could not be determined. No injury or medical intervention was reported. | F33: The signal loss was related to the mobile application => Could not determined the cause | G33: No
A34: 31 | B34: 9445-02 | C34: No Device Output | D34: 03/15/2020 | E34: It was reported that a transmitter failed error occurred. Data was evaluated and the allegation was confirmed. The probable cause could not be determined. No injury or medical intervention was reported. | F34: Transmitter failed error => Could not determined the cause | G34: No
A35: 32 | B35: 9445-02 | C35: Wireless Communication Problem | D35: 44138 | E35: It was reported that signal loss over one hour occurred. Data was provided for evaluation. Per doc (b)(4), cases where the sensor session line is missing in share support tool and share support service, complaints will be closed since a data investigation cannot be completed as data ambiguity cannot be resolved further. The allegation was undetermined. The probable cause could not be determined. No injury or medical intervention was reported. | F35: The signal loss was related to the mobile application => Could not determined the cause | G35: No
A36: 33 | B36: 9445-02 | C36: Wireless Communication Problem | D36: 44107 | E36: It was reported that signal loss over one hour occurred. A review of the share logs was performed and signal loss was found within the investigation window. The allegation was confirmed. The probable cause could not be determined. No injury or medical intervention was reported. | F36: The signal loss was related to the mobile application => Could not determined the cause | G36: No
A37: 34 | B37: 9445-02 | C37: No Device Output | D37: 43905 | E37: It was reported that transmitter failed error occurred. Data was evaluated and the allegation was confirmed. The probable cause was determined to be a low transmitter battery. No injury or medical intervention was reported | F37: Transmitter failed error => Due to battery of Transmitter was low | G37: No
A38: 35 | B38: MT22949 | C38: Wireless Communication Problem | D38: 43901 | E38: It was reported that signal loss over one hour occurred. No product or data was provided for evaluation. Confirmation of the allegation and a probable cause could not be determined. No injury or medical intervention was reported | F38: The signal loss was related to the mobile application => Could not determined the cause | G38: No
A39: 36 | B39: 9445-02 | C39: No Device Output | D39: 43905 | E39: It was reported that transmitter failed error occurred. Data was evaluated and the allegation was not confirmed. The probable cause could not be determined. No injury or medical intervention was reported | F39: Transmitter failed error => Could not determined the cause | G39: No
A40: 37 | B40: 9445-02 | C40: Wireless Communication Problem | D40: 43900 | E40: It was reported that signal loss over one hour occurred. A review of the share logs was performed and signal loss was found within the investigation window. The allegation was confirmed. The probable cause was the transmitter and app were unable to establish a connection. No injury or medical intervention was reported | F40: The signal loss was related to the mobile application => Due to Transmitter and app were unable establish a connection | G40: No
A41: 38 | B41: 9445-02 | C41: Wireless Communication Problem | D41: 43901 | E41: It was reported that signal loss over one hour occurred. A review of the share logs was performed and a loss of connection was not found within the investigation window. The allegation was not confirmed. The probable cause could not be determined. No injury or medical intervention was reported | F41: The signal loss was related to the mobile application => Could not determined the cause | G41: No
A42: 39 | B42: 9500-27 | C42: Break | D42: 43897 | E42: It was reported that a broken sensor wire occurred. The sensor was inserted into the abdomen on (b)(6) 2020. No product was provided for evaluation. Confirmation of the allegation and a probable cause could not be determined. No injury or medical intervention was reported | F42: Sensor wire broken => Could not determined the cause | G42: No
A43: 40 | B43: 9445-02 | C43: No Device Output | D43: 43905 | E43: It was reported that transmitter failed error occurred. No product or data was provided for evaluation. Confirmation of the allegation and a probable cause could not be determined. No injury or medical intervention was reported | F43: Transmitter failed error => Could not determined the cause | G43: No
A44: 41 | B44: N/A | C44: Wireless Communication Problem | D44: 43901 | E44: It was determined that the signal loss was related to the mobile application. It was indicated that the operating system for the smart device was not a supported system, which is off-label usage of the device. A review of the share logs was performed and signal loss was found within the investigation window. The allegation was confirmed. The probable cause could not be determined. No injury or medical intervention was reported | F44: The signal loss was related to the mobile application => Could not determined the cause | G44: No
A45: 42 | B45: 9445-02 | C45: No Device Output | D45: 43895 | E45: It was reported that transmitter failed error occurred. Data was evaluated and the allegation was confirmed. The probable cause was determined to be a low transmitter battery. No injury or medical intervention was reported | F45: Transmitter failed error => Due to battery of Transmitter was low | G45: No
A46: 43 | B46: N/A | C46: Wireless Communication Problem | D46: 43900 | E46: It was determined that the signal loss was related to the mobile application. It was indicated that the operating system for the smart device was not a supported system, which is off-label usage of the device. A review of the share logs was performed and signal loss was found within the investigation window. The allegation was confirmed. The probable cause was the patient closed the mobile app. No injury or medical intervention was reported | F46: The signal loss was related to the mobile application => Due to patient closed the mobile app | G46: No
... A63: 60 | B63: MT24078 | C63: Wireless Communication Problem | D63: 43901 | E63: It was reported that signal loss over one hour occurred. No product or data was provided for evaluation. Confirmation of the allegation and a probable cause could not be determined. No injury or medical intervention was reported. | F63: The signal loss was related to the mobile application => Could not determined the cause | G63: No
A64: 61 | B64: 9445-02 | C64: No Device Output | D64: 03/15/2020 | E64: It was reported that transmitter failed error occurred. Data was evaluated and the allegation was not confirmed. The probable cause could not be determined. No injury or medical intervention was reported. | F64: Transmitter failed error => Could not determined the cause | G64: No
A65: 62 | B65: 9445-02 | C65: Appropriate Term/Code Not Available | D65: 43908 | E65: It was reported that pair new transmitter alert occurred. Data was evaluated and the allegation was confirmed as a transmitter failed error. The probable cause was determined to be a transmitter failed error. The reported event of a pair new transmitter alert is reportable based on the finding of a transmitter failed error. No injury or medical intervention was reported. | F65: Transmitter failed error | G65: No
A66: 63 | B66: 9445-02 | C66: No Device Output | D66: 43904 | E66: It was reported that transmitter failed error occurred. Data was evaluated and the allegation was confirmed. The probable cause was determined to be a low transmitter battery. No injury or medical intervention was reported. | F66: Transmitter failed error => Due to battery of Transmitter was low | G66: No
A67: 64 | B67: 9500-45 | C67: Detachment of Device or device Component | D67: 43905 | E67: It was reported that a detached sensor wire occurred. The sensor was inserted into the abdomen on (b)(6) 2020. No product was provided for evaluation. Confirmation of the allegation and a probable cause could not be determined. No injury or medical intervention was reported. | F67: Missing or detached sensor wire => Could not determined the cause | G67: No
A68: 65 | B68: 9445-02 | C68: Wireless Communication Problem | D68: 43901 | E68: It was reported that signal loss over one hour occurred. No product or data was provided for evaluation. Confirmation of the allegation and a probable cause could not be determined. No injury or medical intervention was reported | F68: The signal loss was related to the mobile application => Could not determined the cause | G68: No
A69: 66 | B69: 9445-02 | C69: Wireless Communication Problem | D69: 43900 | E69: It was reported that signal loss over one hour occurred. A review of the share logs was performed and a loss of connection was found within the investigation window. However, the device operated within specification. The allegation was not confirmed. The probable cause could not be determined. No injury or medical intervention was reported. | F69: The signal loss was related to the mobile application => Could not determined the cause | G69: No
A70: 67 | B70: 9445-02 | C70: No Device Output | D70: 43902 | E70: It was reported that transmitter failed error occurred. Data was evaluated and the allegation was confirmed. The probable cause was determined to be a low transmitter battery. No injury or medical intervention was reported. | F70: Transmitter failed error => Due to battery of Transmitter was low | G70: No
A71: 68 | B71: 9445-02 | C71: No Device Output | D71: 43904 | E71: It was reported that transmitter failed error occurred. No product or data was provided for evaluation. Confirmation of the allegation and a probable cause could not be determined. No injury or medical intervention was reported. | F71: Transmitter failed error => Could not determined the cause | G71: No
A72: 69 | B72: 9438-06 | C72: No Device Output | D72: 43906 | E72: It was reported that transmitter failed error occurred. Data was evaluated and the allegation was confirmed. The probable cause was determined to be a low transmitter battery. No injury or medical intervention was reported. | F72: Transmitter failed error => Due to battery of Transmitter was low | G72: No
A73: 70 | B73: 9445-02 | C73: No Device Output | D73: 43904 | E73: It was reported that transmitter failed error occurred. Data was evaluated and the allegation was not confirmed. The probable cause could not be determined. No injury or medical intervention was reported. | F73: Transmitter failed error => Could not determined the cause | G73: No
A74: 71 | B74: 9500-45 | C74: Detachment of Device or device Component | D74: 43877 | E74: It was reported that a missing sensor wire occurred. The sensor was inserted into the abdomen on (b)(6) 2020. No product was provided for evaluation. Confirmation of the allegation and a probable cause could not be determined. No injury or medical intervention was reported. | F74: Missing or detached sensor wire => Could not determined the cause | G74: No
A75: 72 | B75: 9445-02 | C75: Wireless Communication Problem | D75: 43901 | E75: It was reported that signal loss over one hour occurred. A review of the share logs was performed and a loss of connection was found within the investigation window. However, the device operated within specification. The allegation was not confirmed. The probable cause could not be determined. No injury or medical intervention was reported. | F75: The signal loss was related to the mobile application => Could not determined the cause | G75: No
A76: 73 | B76: 9438-06 | C76: Wireless Communication Problem | D76: 43900 | E76: It was reported that signal loss over one hour occurred. No product or data was provided for evaluation. Confirmation of the allegation and a probable cause could not be determined. No injury or medical intervention was reported. | F76: The signal loss was related to the mobile application => Could not determined the cause | G76: No
... A79: 76 | B79: 9445-02 | C79: No Device Output | D79: 43902 | E79: It was reported that a transmitter failed error occurred. Data was evaluated and the allegation was confirmed. The probable cause could not be determined. No injury or medical intervention was reported | F79: Transmitter failed error => Could not determined the cause | G79: No
A80: 77 | B80: 9445-02 | C80: No Device Output | D80: 03/14/2020 | E80: It was reported that transmitter failed error occurred. No product or data was provided for evaluation. Confirmation of the allegation and a probable cause could not be determined. No injury or medical intervention was reported | F80: Transmitter failed error => Could not determined the cause | G80: No
A81: 78 | B81: N/A | C81: Wireless Communication Problem | D81: 43900 | E81: It was determined that the loss of connection was related to the mobile application. It was indicated that the operating system for the smart device was not a supported system, which is off-label usage of the device. A review of the share logs was performed and a loss of connection was found within the investigation window. However, the device operated within specification. The allegation was not confirmed. The probable cause could not be determined. No injury or medical intervention was reported. | F81: Loss of connection was related to the mobile application => Could not determined the cause | G81: No
A82: 79 | B82: 9500-45 | C82: Detachment of Device or device Component | D82: 43904 | E82: It was reported that a missing sensor wire occurred. The sensor was inserted into the abdomen on (b)(6) 2020. No product was provided for evaluation. Confirmation of the allegation and a probable cause could not be determined. No injury or medical intervention was reported. | F82: Missing or detached sensor wire => Could not determined the cause | G82: No
A83: 80 | B83: 9445-02 | C83: Wireless Communication Problem | D83: 43901 | E83: It was reported that signal loss over one hour occurred. A review of the share logs was performed and signal loss was found within the investigation window. The allegation was confirmed. The probable cause was the transmitter and app were unable to establish a connection. No injury or medical intervention was reported. | F83: The signal loss was related to the mobile application => Due to Transmitter and app were unable establish a connection | G83: No
A84: 81 | B84: 9445-02 | C84: No Device Output | D84: 03/14/2020 | E84: It was reported that transmitter failed error occurred. No product or data was provided for evaluation. Confirmation of the allegation and a probable cause could not be determined. No injury or medical intervention was reported. | F84: Transmitter failed error => Could not determined the cause | G84: No
A85: 82 | B85: MT24078 | C85: Wireless Communication Problem | D85: 44015 | E85: It was reported that signal loss over one hour occurred. No product or data was provided for evaluation. Confirmation of the allegation and a probable cause could not be determined. No injury or medical intervention was reported. | F85: The signal loss was related to the mobile application => Could not determined the cause | G85: No
A86: 83 | B86: 9445-02 | C86: No Device Output | D86: 03/14/2020 | E86: It was reported that transmitter failed error occurred. No product or data was provided for evaluation. Confirmation of the allegation and a probable cause could not be determined. No injury or medical intervention was reported. | F86: Transmitter failed error => Could not determined the cause | G86: No
A87: 84 | B87: 9445-02 | C87: No Device Output | D87: 03/13/2020 | E87: It was reported that a transmitter failed error occurred. Data was evaluated and the allegation was confirmed. The probable cause could not be determined. No injury or medical intervention was reported. | F87: Transmitter failed error => Could not determined the cause | G87: No
A88: 85 | B88: MT24078-2 | C88: Wireless Communication Problem | D88: 03/15/2020 | E88: It was reported that signal loss over one hour occurred. No product or data was provided for evaluation. Confirmation of the allegation and a probable cause could not be determined. No injury or medical intervention was reported. | F88: The signal loss was related to the mobile application => Could not determined the cause | G88: No
A89: 86 | B89: N/A | C89: Wireless Communication Problem | D89: 03/19/2020 | E89: It was determined that the signal loss was related to the mobile application. A review of the share logs was performed and signal loss was found within the investigation window. The allegation was confirmed. The probable cause was the transmitter and app were unable to establish a connection. No injury or medical intervention was reported. | F89: The signal loss was related to the mobile application => Due to Transmitter and app were unable establish a connection | G89: No
A90: 87 | B90: 9500-45 | C90: Imprecision | D90: 03/14/2020 | E90: It was reported that an inaccuracy between the continuous glucose monitor (cgm) and the blood glucose (bg) meter occurred. The sensor was inserted into the arm, which is off-label usage of the device, on (b)(6) 2020. Data was evaluated and the allegation was confirmed. The probable cause could not be determined via data. The reported glucose values fall within the d zone of the parkes error grid. The data investigation found a difference in values that fall within the b zone of the parkes error grid. No injury or medical intervention was reported. | F90: An inaccuracy between the continuous glucose monitor (cgm) and the blood glucose (bg) meter occurred => Could not determined the cause | G90: No
A91: 88 | B91: 9438-06 | C91: Wireless Communication Problem | D91: 03/09/2020 | E91: It was reported that signal loss over one hour occurred. No product or data was provided for evaluation. Confirmation of the allegation and a probable cause could not be determined. No injury or medical intervention was reported. | F91: The signal loss was related to the mobile application => Could not determined the cause | G91: No
A92: 89 | B92: 9445-02 | C92: No Device Output | D92: 03/14/2020 | E92: It was reported that a transmitter failed error occurred. Data was evaluated and the allegation was confirmed. The probable cause could not be determined. No injury or medical intervention was reported. | F92: Transmitter failed error => Could not determined the cause | G92: No
A93: 90 | B93: 9445-02 | C93: No Device Output | D93: 03/13/2020 | E93: It was reported that a transmitter failed error occurred. Data was evaluated and the allegation was confirmed. The probable cause could not be determined. No injury or medical intervention was reported. | F93: Transmitter failed error => Could not determined the cause | G93: No
A94: 91 | B94: 9500-27 | C94: Detachment of Device or device Component | D94: 03/13/2020 | E94: It was reported that a missing sensor wire occurred. The sensor was inserted into the abdomen on (b)(6) 2020. No product was provided for evaluation. Confirmation of the allegation and a probable cause could not be determined. No injury or medical intervention was reported. | F94: Missing or detached sensor wire => Could not determined the cause | G94: No
A95: 92 | B95: N/A | C95: Wireless Communication Problem | D95: 44138 | E95: It was determined that the signal loss was related to the mobile application. A review of the share logs was performed and signal loss was found within the investigation window. The allegation was confirmed. The probable cause could not be determined. No injury or medical intervention was reported. | F95: The signal loss was related to the mobile application => Could not determined the cause | G95: No
A96: 93 | B96: 9445-02 | C96: Wireless Communication Problem | D96: 44077 | E96: It was reported that signal loss over one hour occurred. A review of the share logs was performed and signal loss was found within the investigation window. The allegation was confirmed. The probable cause could not be determined. No injury or medical intervention was reported. | F96: The signal loss was related to the mobile application => Could not determined the cause | G96: No
A97: 94 | B97: 9445-02 | C97: No Device Output | D97: 03/14/2020 | E97: It was reported that a transmitter failed error occurred. Data was evaluated and the allegation was confirmed. The probable cause could not be determined. No injury or medical intervention was reported. | F97: Transmitter failed error => Could not determined the cause | G97: No
A98: 95 | B98: 9445-02 | C98: No Device Output | D98: 03/14/2020 | E98: It was reported that transmitter failed error occurred. No product or data was provided for evaluation. Confirmation of the allegation and a probable cause could not be determined. No injury or medical intervention was reported. | F98: Transmitter failed error => Could not determined the cause | G98: No
A99: 96 | B99: 9500-45 | C99: Imprecision | D99: 03/14/2020 | E99: It was reported that an inaccuracy between the continuous glucose monitor (cgm) and the blood glucose (bg) meter occurred. The sensor was inserted into the abdomen on (b)(6) 2020. No data was provided for evaluation. Confirmation of the allegation and a probable cause could not be determined. The reported glucose values fall within the d zone of the parkes error grid. No injury or medical intervention was reported. | F99: An inaccuracy between the continuous glucose monitor (cgm) and the blood glucose (bg) meter occurred => Could not determined the cause | G99: No
A100: 97 | B100: 9445-02 | C100: No Device Output | D100: 44168 | E100: It was reported that transmitter failed error occurred. Data was evaluated and the allegation was confirmed. The probable cause was determined to be a low transmitter battery. No injury or medical intervention was reported. | F100: Transmitter failed error => Due to battery of Transmitter was low | G100: No
A101: 98 | B101: 9500-45 | C101: Detachment of Device or device Component | D101: 03/13/2020 | E101: It was reported that a detached sensor wire occurred. The sensor was inserted into the arm, which is off label usage of the device, on (b)(6) 2020. No product was provided for evaluation. Confirmation of the allegation and a probable cause could not be determined. No injury or medical intervention was reported. | F101: Missing or detached sensor wire => Could not determined the cause | G101: No
A102: 99 | B102: 9445-02 | C102: No Device Output | D102: 03/16/2020 | E102: It was reported that transmitter failed error occurred. Data was evaluated and the allegation was not confirmed. The probable cause could not be determined. No injury or medical intervention was reported. | F102: Transmitter failed error => Could not determined the cause | G102: No
A103: 100 | B103: 9445-02 | C103: Wireless Communication Problem | D103: 03/10/2020 | E103: It was reported that signal loss over one hour occurred. No product or data was provided for evaluation. Confirmation of the allegation and a probable cause could not be determined. No injury or medical intervention was reported. | F103: The signal loss was related to the mobile application => Could not determined the cause | G103: No
A104: 101 | B104: 9445-02 | C104: No Device Output | D104: 44107 | E104: It was reported that a transmitter failed error occurred. Data was evaluated and the allegation was confirmed. The probable cause could not be determined. No injury or medical intervention was reported. | F104: Transmitter failed error => Could not determined the cause | G104: No
A105: 102 | B105: 9445-02 | C105: Wireless Communication Problem | D105: 03/15/2020 | E105: It was reported that signal loss over one hour occurred. A review of the share logs was performed and a loss of connection was found within the investigation window. However, the device operated within specification. The allegation was not confirmed. The probable cause could not be determined. No injury or medical intervention was reported. | F105: The signal loss was related to the mobile application => Could not determined the cause | G105: No
A106: 103 | B106: N/A | C106: Wireless Communication Problem | D106: 44107 | E106: It was determined that the signal loss was related to the mobile application. It was indicated that the operating system for the smart device was not a supported system, which is off-label usage of the device. Data was provided for evaluation. Per (b)(4) cases where the sensor session line is missing in share support tool and share support service, complaints will be closed since a data investigation cannot be completed as data ambiguity cannot be resolved further. The allegation was undetermined. The probable cause could not be determined. No injury or medical intervention was reported. | F106: The signal loss was related to the mobile application => Could not determined the cause | G106: No
A107: 104 | B107: 9445-02 | C107: Imprecision | D107: 44015 | E107: It was reported that there was an inaccuracy between the continuous glucose monitor (cgm) reading and the blood glucose (bg) meter reading. Reportedly, the cgm bg reading was 160 mg/dl, and the meter bg reading was 125 mg/dl. No additional patient or event information was available. A root cause could not be determined. A replacement sensor was sent to the customer. | F107: An inaccuracy between the continuous glucose monitor (cgm) and the blood glucose (bg) meter occurred => Could not determined the cause => Replaced a new sensor. | G107: No
A108: 105 | B108: 9445-02 | C108: No Device Output | D108: 03/13/2020 | E108: It was reported that a transmitter failed error occurred. Data was evaluated and the allegation was confirmed. The probable cause could not be determined. No injury or medical intervention was reported. | F108: Transmitter failed error => Could not determined the cause | G108: No
A109: 106 | B109: STT-OR-001 | C109: Device Displays Incorrect Message | D109: 44107 | E109: It was reported that the customer received a failed transmitter error. Reportedly, the transmitter had been in use less than 3 months. Reportedly, the customer had not entered in the new transmitter id into their pump. Customer entered in the correct transmitter id and was able to start sensor session. | F109: Transmitter failed error due to not entered Transmitter ID => Entered correct Transmitter ID | G109: No
A110: 107 | B110: 9445-02 | C110: No Device Output | D110: 03/14/2020 | E110: It was reported that transmitter failed error occurred. Data was evaluated and the allegation was not confirmed. The probable cause could not be determined. No injury or medical intervention was reported. | F110: Transmitter failed error => Could not determined the cause | G110: No
A111: 108 | B111: 9445-02 | C111: Wireless Communication Problem | D111: 44077 | E111: It was reported that signal loss over one hour occurred. Data was received for evaluation. However, the alleged product is not present within the investigation window. Confirmation of the allegation and a probable cause could not be determined. No injury or medical intervention was reported. | F111: The signal loss was related to the mobile application => Could not determined the cause | G111: No
A112: 109 | B112: 9438-06 | C112: No Device Output | D112: 03/14/2020 | E112: It was reported that transmitter failed error occurred. No product or data was provided for evaluation. Confirmation of the allegation and a probable cause could not be determined. No injury or medical intervention was reported. | F112: Transmitter failed error => Could not determined the cause | G112: No
A113: 110 | B113: 9445-02 | C113: No Device Output | D113: 03/14/2020 | E113: It was reported that a transmitter failed error occurred. Data was evaluated and the allegation was confirmed. The probable cause could not be determined. No injury or medical intervention was reported. | F113: Transmitter failed error => Could not determined the cause | G113: No
A114: 111 | B114: 9500-45 | C114: Imprecision | D114: 03/14/2020 | E114: It was reported that an inaccuracy between the continuous glucose monitor (cgm) and the blood glucose (bg) meter occurred. The sensor was inserted into the abdomen on (b)(6) 2020. No data was provided for evaluation. Confirmation of the allegation and a probable cause could not be determined. The reported glucose values fall within the d zone of the parkes error grid. The data investigation did not find blood glucose calibration values to compare to cgm values during the reported sensor session or the calibrations during the reported sensor session were in accurate range per device specifications. No injury or medical intervention was reported. | F114: An inaccuracy between the continuous glucose monitor (cgm) and the blood glucose (bg) meter occurred => Could not determined the cause | G114: No
A115: 112 | B115: 9445-02 | C115: Wireless Communication Problem | D115: 44138 | E115: It was reported that signal loss over one hour occurred. No product or data was provided for evaluation. Confirmation of the allegation and a probable cause could not be determined. No injury or medical intervention was reported. | F115: The signal loss was related to the mobile application => Could not determined the cause | G115: No
A116: 113 | B116: 9445-02 | C116: No Device Output | D116: 03/13/2020 | E116: It was reported that transmitter failed error occurred. Data was evaluated and the allegation was confirmed. The probable cause was determined to be a low transmitter battery. No injury or medical intervention was reported. | F116: Transmitter failed error => Due to battery of Transmitter was low | G116: No
A117: 114 | B117: N/A | C117: Wireless Communication Problem | D117: 44138 | E117: It was determined that the loss of connection was related to the mobile application. It was indicated that the operating system for the smart device was not a supported system, which is off-label usage of the device. A review of the share logs was performed and a loss of connection was not found within the investigation window. The allegation was not confirmed. The probable cause could not be determined. No injury or medical intervention was reported. | F117: Loss of connection was related to the mobile application => Could not determined the cause | G117: No
A118: 115 | B118: 9445-02 | C118: Wireless Communication Problem | D118: 03/11/2020 | E118: It was reported that signal loss over one hour occurred. No product or data was provided for evaluation. Confirmation of the allegation and a probable cause could not be determined. No injury or medical intervention was reported. | F118: The signal loss was related to the mobile application => Could not determined the cause | G118: No
A119: 116 | B119: 9445-02 | C119: Wireless Communication Problem | D119: 03/08/2020 | E119: It was reported that signal loss over one hour occurred. A review of the share logs was performed and a loss of connection was found within the investigation window. However, the device operated within specification. The allegation was not confirmed. The probable cause could not be determined. No injury or medical intervention was reported. | F119: The signal loss was related to the mobile application => Could not determined the cause | G119: No
A120: 117 | B120: 9445-02 | C120: No Device Output | D120: 03/18/2020 | E120: It was reported that transmitter failed error occurred. No product or data was provided for evaluation. Confirmation of the allegation and a probable cause could not be determined. No injury or medical intervention was reported. | F120: Transmitter failed error => Could not determined the cause | G120: No
A121: 118 | B121: 9445-02 | C121: No Device Output | D121: 03/13/2020 | E121: It was reported that a transmitter failed error occurred. Data was evaluated and the allegation was confirmed. The probable cause could not be determined. No injury or medical intervention was reported. | F121: Transmitter failed error => Could not determined the cause | G121: No
A122: 119 | B122: 9500-45 | C122: Detachment of Device or device Component | D122: 02/25/2020 | E122: It was reported that a missing sensor wire occurred. The sensor was inserted at the abdomen on (b)(6) 2020. No product was provided for evaluation. Confirmation of the allegation and probable cause could not be determined. No injury or medical intervention was reported. | F122: Missing or detached sensor wire => Could not determined the cause | G122: No
A123: 120 | B123: 9445-02 | C123: Wireless Communication Problem | D123: 03/15/2020 | E123: It was reported that signal loss over one hour occurred. Data was received for evaluation. However, the alleged product is not present within the investigation window. Confirmation of the allegation and a probable cause could not be determined. No injury or medical intervention was reported. | F123: The signal loss was related to the mobile application => Could not determined the cause | G123: No
A124: 121 | B124: 9500-45 | C124: Imprecision | D124: 03/13/2020 | E124: It was reported that an inaccuracy between the continuous glucose monitor (cgm) and the blood glucose (bg) meter occurred. The sensor was inserted into the abdomen on (b)(6) 2020. Data was evaluated and the allegation was undetermined. The probable cause could not be determined via data. The reported glucose values fall within the d zone of the parkes error grid. The data investigation did not find blood glucose calibration values to compare to cgm values during the reported sensor session or the calibrations during the reported sensor session were in accurate range per device specifications. No injury or medical intervention was reported. | F124: An inaccuracy between the continuous glucose monitor (cgm) and the blood glucose (bg) meter occurred => Could not determined the cause | G124: No
A125: 122 | B125: MT22719 | C125: Wireless Communication Problem | D125: 44107 | E125: It was reported that signal loss over one hour occurred. No product or data was provided for evaluation. Confirmation of the allegation and a probable cause could not be determined. No injury or medical intervention was reported. | F125: The signal loss was related to the mobile application => Could not determined the cause | G125: No
A126: 123 | B126: 9445-02 | C126: Wireless Communication Problem | D126: 44138 | E126: It was reported that signal loss over one hour occurred. No product or data was provided for evaluation. Confirmation of the allegation and a probable cause could not be determined. No injury or medical intervention was reported. | F126: The signal loss was related to the mobile application => Could not determined the cause | G126: No
A127: 124 | B127: N/A | C127: Wireless Communication Problem | D127: 03/18/2020 | E127: It was determined that the signal loss was related to the mobile application. A review of the share logs was performed and signal loss was found within the investigation window. The allegation was confirmed. The probable cause was the transmitter and app were unable to establish a connection. No injury or medical intervention was reported. | F127: The signal loss was related to the mobile application => Due to Transmitter and app were unable establish a connection | G127: No
A128: 125 | B128: 9445-02 | C128: Wireless Communication Problem | D128: 44107 | E128: It was reported that signal loss over one hour occurred. No product or data was provided for evaluation. Confirmation of the allegation and a probable cause could not be determined. No injury or medical intervention was reported. | F128: The signal loss was related to the mobile application => Could not determined the cause | G128: No
A129: 126 | B129: 9445-02 | C129: Wireless Communication Problem | D129: 43985 | E129: It was reported that signal loss over one hour occurred. Data was received for evaluation. However, the alleged product is not present within the investigation window. Confirmation of the allegation and a probable cause could not be determined. No injury or medical intervention was reported. | F129: The signal loss was related to the mobile application => Could not determined the cause | G129: No
A130: 127 | B130: 9500-45 | C130: Detachment of Device or device Component | D130: 02/28/2020 | E130: It was reported that a detached sensor wire occurred. The sensor was inserted at the abdomen on (b)(6) 2020. It was indicated that the patient removed the transmitter from the sensor pod before removing the sensor from the body, which is misuse of the device. No product was provided for evaluation. Confirmation of the allegation and a probable cause could not be determined. No injury or medical intervention was reported. | F130: Missing or detached sensor wire => Could not determined the cause | G130: No
A131: 128 | B131: MT23620 | C131: Wireless Communication Problem | D131: 03/16/2020 | E131: It was reported that a loss of connection occurred. A review of the share logs was performed and a loss of connection was found within the investigation window. the allegation was confirmed. The probable cause could not be determined. No injury or medical intervention was reported. | F131: The signal loss was related to the mobile application => Could not determined the cause | G131: No
A132: 129 | B132: 9445-02 | C132: Wireless Communication Problem | D132: 44015 | E132: It was reported that signal loss over one hour occurred. A review of the share logs was performed and signal loss was found within the investigation window. The allegation was confirmed. The probable cause could not be determined. No injury or medical intervention was reported. | F132: The signal loss was related to the mobile application => Could not determined the cause | G132: No
A133: 130 | B133: 9445-02 | C133: No Device Output | D133: 03/18/2020 | E133: It was reported that transmitter failed error occurred. No product or data was provided for evaluation. Confirmation of the allegation and a probable cause could not be determined. No injury or medical intervention was reported. | F133: Transmitter failed error => Could not determined the cause | G133: No
A134: 131 | B134: 9500-45 | C134: Imprecision | D134: 03/13/2020 | E134: It was reported that an inaccuracy between the continuous glucose monitor (cgm) and the blood glucose (bg) meter occurred. The sensor was inserted into the abdomen on (b)(6) 2020. No data was provided for evaluation. Confirmation of the allegation and a probable cause could not be determined. The reported glucose values fall within the d zone of the parkes error grid. No injury or medical intervention was reported. | F134: An inaccuracy between the continuous glucose monitor (cgm) and the blood glucose (bg) meter occurred => Could not determined the cause | G134: No
A135: 132 | B135: 9445-02 | C135: No Device Output | D135: 03/14/2020 | E135: It was reported that a transmitter failed error occurred. Data was evaluated and the allegation was confirmed. The probable cause could not be determined. No injury or medical intervention was reported. | F135: Transmitter failed error => Could not determined the cause | G135: No
...

Sheet Chart
A1: Summary
A3: No. | B3: Problem | C3: Problem | D3: Happened Times | E3: Rate (%) | F3: Rate (%)
A4: 1 | B4: Wireless Communication Problem | C4: Wireless Communication Problem | D4: =COUNTIF(Summary!$C$4:$C$484,C4) -> 229 | E4: =D4/SUM($D$4:$D$21) -> 0.48516949 | F4: =D4/SUM($D$4:$D$21) -> 0.48516949
A5: 2 | B5: No Device Output | C5: No Device Output | D5: 107 | E5: =D5/SUM($D$4:$D$21) -> 0.22669492 | F5: =D5/SUM($D$4:$D$21) -> 0.22669492
A6: 3 | B6: Imprecision | C6: Imprecision | D6: 60 | E6: =D6/SUM($D$4:$D$21) -> 0.12711864 | F6: =D6/SUM($D$4:$D$21) -> 0.12711864
A7: 4 | B7: Detachment of Device or device Component | C7: Detachment of Device or device Component | D7: 36 | E7: =D7/SUM($D$4:$D$21) -> 0.076271186 | F7: =D7/SUM($D$4:$D$21) -> 0.076271186
A8: 5 | B8: Appropriate Term/Code Not Available | C8: Appropriate Term/Code Not Available | D8: 6 | E8: =D8/SUM($D$4:$D$21) -> 0.012711864 | F8: =D8/SUM($D$4:$D$21) -> 0.012711864
A9: 6 | B9: Unintended Application Program Shut Down | C9: Unintended Application Program Shut Down | D9: 6 | E9: =D9/SUM($D$4:$D$21) -> 0.012711864 | F9: =D9/SUM($D$4:$D$21) -> 0.012711864
A10: 7 | B10: Defective Alarm | C10: Defective Alarm | D10: 5 | E10: =D10/SUM($D$4:$D$21) -> 0.01059322 | F10: =D10/SUM($D$4:$D$21) -> 0.01059322
A11: 8 | B11: Break | C11: Others | D11: 4 | E11: =D11/SUM($D$4:$D$21) -> 0.0084745763 | F11: =SUM(D11:D21)/SUM(D4:D21) -> 0.048728814
B12: Communication or Transmission Problem; Wireless Communication Problem | D12: 4 | E12: =D12/SUM($D$4:$D$21) -> 0.0084745763
B13: Failure to Sense | D13: 3 | E13: =D13/SUM($D$4:$D$21) -> 0.0063559322
B14: Alarm Not Visible | D14: 2 | E14: =D14/SUM($D$4:$D$21) -> 0.0042372881
B15: Device Displays Incorrect Message | D15: 2 | E15: =D15/SUM($D$4:$D$21) -> 0.0042372881
B16: Premature End-of-Life Indicator | D16: 2 | E16: =D16/SUM($D$4:$D$21) -> 0.0042372881
B17: Unable to Obtain Readings | D17: 2 | E17: =D17/SUM($D$4:$D$21) -> 0.0042372881
B18: Communication or Transmission Problem | D18: 1 | E18: =D18/SUM($D$4:$D$21) -> 0.0021186441
B19: Device Output | D19: 1 | E19: =D19/SUM($D$4:$D$21) -> 0.0021186441
B20: Overheating of Device | D20: 1 | E20: =D20/SUM($D$4:$D$21) -> 0.0021186441
B21: Unexpected Shutdown | D21: 1 | E21: =D21/SUM($D$4:$D$21) -> 0.0021186441
A30: 1. Wireless Communication Problem
A32: No. | C32: Problem / Cause | F32: Happened time | G32: Ratio (%)
A33: 1 | C33: Intermittent loss of connection issues occurred between the transmitter and the pump => Replaced a new Transmitter | F33: =COUNTIF(Summary!$F$4:$F$484,Chart!C33) -> 9 | G33: =F33/SUM($F$33:$F$42) -> 0.038626609
A34: 2 | C34: Loss of connection was related to the mobile application => Could not determined the cause | F34: =COUNTIF(Summary!$F$4:$F$484,Chart!C34) -> 16 | G34: =F34/SUM($F$33:$F$42) -> 0.068669528
A35: 3 | C35: The bluetooth connection between transmitter and mobile app issue occurred => Could not determined the cause | F35: =COUNTIF(Summary!$F$4:$F$484,Chart!C35) -> 8 | G35: =F35/SUM($F$33:$F$42) -> 0.034334764
A36: 4 | C36: The signal loss was related to the mobile application => A follow up report will be submitted upon completion | F36: =COUNTIF(Summary!$F$4:$F$484,Chart!C36) -> 2 | G36: =F36/SUM($F$33:$F$42) -> 0.008583691
A37: 5 | C37: The signal loss was related to the mobile application => Could not determined the cause | F37: =COUNTIF(Summary!$F$4:$F$484,Chart!C37) -> 157 | G37: =F37/SUM($F$33:$F$42) -> 0.67381974
A38: 6 | C38: The signal loss was related to the mobile application => Due to mobile device lost power | F38: =COUNTIF(Summary!$F$4:$F$484,Chart!C38) -> 1 | G38: =F38/SUM($F$33:$F$42) -> 0.0042918455
A39: 7 | C39: The signal loss was related to the mobile application => Due to patient closed the mobile app | F39: =COUNTIF(Summary!$F$4:$F$484,Chart!C39) -> 7 | G39: =F39/SUM($F$33:$F$42) -> 0.030042918
A40: 8 | C40: The signal loss was related to the mobile application => Due to Transmitter and app were unable establish a connection | F40: =COUNTIF(Summary!$F$4:$F$484,Chart!C40) -> 22 | G40: =F40/SUM($F$33:$F$42) -> 0.094420601
A41: 9 | C41: The signal loss was related to the mobile application => The allegation was confirmed | F41: =COUNTIF(Summary!$F$4:$F$484,Chart!C41) -> 1 | G41: =F41/SUM($F$33:$F$42) -> 0.0042918455
A42: 10 | C42: The signal loss was related to the mobile application => The transmitter ultimately regained connection with the pump | F42: =COUNTIF(Summary!$F$4:$F$484,Chart!C42) -> 10 | G42: =F42/SUM($F$33:$F$42) -> 0.042918455
